DATETIME,L_T1,L_T2,L_T3,F_PU1,S_PU1,F_PU2,S_PU2,P_J1,P_J2,P_J3,ATT_FLAG,ATT_TYPE
01/01/26 00,4.649,3.172,5.359,135.23,1,93.13,1,54.3,54.32,65.84,-999,NORMAL
01/01/26 01,4.359,3.309,4.915,115.34,1,96.94,1,49.26,41.1,59.19,-999,NORMAL
01/01/26 02,4.196,3.263,4.737,105.88,1,106.73,1,54.32,48.27,54.88,-999,NORMAL
01/01/26 03,4.337,3.222,4.64,123.76,1,90.19,1,54.12,45.59,71.26,-999,NORMAL
01/01/26 04,4.496,2.988,5.429,107.79,1,96.67,1,49.12,42.69,62.98,-999,NORMAL
01/01/26 05,4.722,3.234,5.054,116.99,1,83.17,1,52.84,46.16,67.29,-999,NORMAL
01/01/26 06,4.603,2.847,5.23,116.15,1,89.58,1,56.84,52.12,66.66,-999,NORMAL
01/01/26 07,4.248,3.138,5.233,129.76,1,91.17,1,54.44,43.57,56.02,-999,NORMAL
01/01/26 08,4.744,3.471,5.071,130.04,1,97.89,1,53.06,49.45,69.69,-999,NORMAL
01/01/26 09,4.489,3.513,4.052,128.22,1,95.7,1,54.1,48.37,52.06,-999,NORMAL
01/01/26 10,4.434,3.271,5.691,114.82,1,88.53,1,53.49,51.66,63.64,-999,NORMAL
01/01/26 11,4.341,3.303,5.139,129.69,1,89.38,1,54.02,46.43,54.68,-999,NORMAL
01/01/26 12,4.589,3.252,5.102,117.65,1,83.68,1,53.74,46.63,57.99,-999,NORMAL
01/01/26 13,4.452,3.281,5.854,121.75,1,97.06,1,54.78,40.32,61.87,-999,NORMAL
01/01/26 14,4.518,3.693,5.023,123.02,1,94.72,1,51.49,52.57,65.76,-999,NORMAL
01/01/26 15,4.737,3.018,5.661,105.98,1,99.69,1,61.57,44.04,59.17,-999,NORMAL
01/01/26 16,4.53,3.099,4.48,120.69,1,86.5,1,56.42,44.32,69.75,-999,NORMAL
01/01/26 17,4.265,3.136,5.425,107.69,1,96.82,1,58.92,41.57,62.92,-999,NORMAL
01/01/26 18,4.578,3.356,4.605,106.8,1,99.18,1,55.89,49.0,63.73,-999,NORMAL
01/01/26 19,4.296,3.246,5.217,112.86,1,109.93,1,56.42,43.23,65.28,-999,NORMAL
01/01/26 20,4.208,3.357,5.563,111.79,1,102.71,1,56.24,51.29,71.48,-999,NORMAL
01/01/26 21,4.426,3.049,4.744,111.84,1,94.38,1,56.02,49.11,66.14,-999,NORMAL
01/01/26 22,4.504,3.491,4.994,147.2,1,100.01,1,52.43,43.72,64.41,-999,NORMAL
01/01/26 23,4.433,3.343,5.289,119.27,1,88.23,1,50.46,46.21,66.28,-999,NORMAL
02/01/26 00,4.564,2.951,5.169,123.85,1,87.93,1,55.46,48.23,56.29,-999,NORMAL
02/01/26 01,4.607,3.312,5.533,130.54,1,83.98,1,52.19,50.06,64.57,-999,NORMAL
02/01/26 02,4.655,3.971,5.328,131.36,1,102.63,1,56.95,46.74,65.79,-999,NORMAL
02/01/26 03,4.268,3.153,4.906,120.82,1,113.52,1,49.4,50.75,53.94,-999,NORMAL
02/01/26 04,4.358,3.418,5.126,109.22,1,89.28,1,57.04,45.08,63.08,-999,NORMAL
02/01/26 05,4.514,3.07,5.958,126.34,1,78.8,1,55.56,45.35,66.26,-999,NORMAL
02/01/26 06,4.262,3.177,5.302,128.66,1,85.4,1,54.0,46.1,58.73,-999,NORMAL
02/01/26 07,5.03,3.281,4.596,129.18,1,111.98,1,58.1,41.92,59.58,-999,NORMAL
02/01/26 08,4.88,3.058,5.278,127.75,1,87.58,1,54.82,35.03,56.88,-999,NORMAL
02/01/26 09,4.424,2.95,5.753,105.7,1,91.48,1,55.39,53.77,54.82,-999,NORMAL
02/01/26 10,4.849,3.202,4.707,124.62,1,96.59,1,53.2,48.28,60.07,-999,NORMAL
02/01/26 11,4.534,3.332,5.734,107.62,1,112.06,1,49.14,47.39,64.94,-999,NORMAL
02/01/26 12,4.584,3.075,5.017,115.07,1,90.29,1,57.55,49.43,58.54,-999,NORMAL
02/01/26 13,4.77,3.261,5.425,126.3,1,88.37,1,53.32,50.99,65.05,-999,NORMAL
02/01/26 14,4.494,3.223,5.611,114.08,1,99.38,1,54.39,47.13,67.49,-999,NORMAL
02/01/26 15,4.748,3.363,5.622,120.21,1,100.46,1,54.07,49.3,61.35,-999,NORMAL
02/01/26 16,4.529,3.319,4.773,140.92,1,86.95,1,51.36,52.63,65.96,-999,NORMAL
02/01/26 17,4.687,3.326,5.095,111.03,1,95.61,1,52.97,51.9,61.26,-999,NORMAL
02/01/26 18,4.252,3.136,5.265,114.36,1,88.42,1,55.73,48.98,59.47,-999,NORMAL
02/01/26 19,4.359,3.246,4.521,105.93,1,89.25,1,54.36,49.24,69.38,-999,NORMAL
02/01/26 20,4.757,3.168,5.092,109.97,1,94.85,1,54.13,49.29,57.86,-999,NORMAL
02/01/26 21,4.656,3.507,5.056,124.02,1,100.52,1,53.8,48.9,62.06,-999,NORMAL
02/01/26 22,4.529,3.045,5.11,124.98,1,106.61,1,57.88,56.61,58.16,-999,NORMAL
02/01/26 23,4.762,3.237,5.976,111.92,1,88.28,1,53.2,39.5,59.37,-999,NORMAL
03/01/26 00,4.272,3.23,5.237,138.76,1,102.6,1,53.27,44.41,64.46,-999,NORMAL
03/01/26 01,4.104,3.566,5.572,115.31,1,81.29,1,59.06,47.54,68.19,-999,NORMAL
03/01/26 02,4.022,3.08,5.102,120.47,1,91.4,1,56.87,43.73,61.29,-999,NORMAL
03/01/26 03,4.536,3.303,5.385,108.75,1,82.73,1,58.83,49.33,58.26,-999,NORMAL
03/01/26 04,4.965,3.223,5.572,120.68,1,111.49,1,60.27,47.0,66.86,-999,NORMAL
03/01/26 05,4.694,3.474,4.714,126.86,1,103.47,1,49.72,43.27,51.8,-999,NORMAL
03/01/26 06,4.419,3.344,5.701,120.74,1,108.03,1,50.86,41.19,61.72,-999,NORMAL
03/01/26 07,4.615,3.193,4.273,119.11,1,84.56,1,57.01,49.47,57.3,-999,NORMAL
03/01/26 08,4.346,2.988,5.075,129.55,1,87.11,1,56.51,45.88,58.04,-999,NORMAL
03/01/26 09,4.468,2.993,4.879,108.02,1,110.72,1,55.11,45.2,63.07,-999,NORMAL
03/01/26 10,4.466,3.156,5.346,127.58,1,90.76,1,53.27,46.9,50.49,-999,NORMAL
03/01/26 11,4.045,3.473,5.758,117.51,1,99.61,1,55.93,60.32,67.6,-999,NORMAL
03/01/26 12,4.462,3.009,4.457,122.03,1,88.95,1,50.73,45.41,56.59,-999,NORMAL
03/01/26 13,5.006,3.376,5.097,134.8,1,95.62,1,52.42,54.09,64.69,-999,NORMAL
03/01/26 14,4.189,3.162,4.75,106.17,1,102.41,1,60.73,42.41,64.81,-999,NORMAL
03/01/26 15,4.305,3.103,4.863,111.36,1,95.39,1,52.51,49.08,61.75,-999,NORMAL
03/01/26 16,4.428,3.018,4.869,127.55,1,99.01,1,52.07,48.4,65.76,-999,NORMAL
03/01/26 17,3.999,3.309,4.835,125.71,1,88.89,1,49.59,41.49,62.24,-999,NORMAL
03/01/26 18,4.578,3.019,5.355,103.38,1,94.47,1,51.37,45.39,62.24,-999,NORMAL
03/01/26 19,4.242,3.123,5.503,114.23,1,101.69,1,51.61,50.12,69.21,-999,NORMAL
03/01/26 20,3.759,3.041,5.331,117.97,1,97.97,1,53.19,48.35,61.22,-999,NORMAL
03/01/26 21,4.85,3.251,5.235,115.88,1,91.1,1,53.7,49.58,59.9,-999,NORMAL
03/01/26 22,4.587,3.615,5.448,116.74,1,104.61,1,53.78,39.85,56.96,-999,NORMAL
03/01/26 23,3.939,3.13,5.107,136.76,1,97.62,1,54.34,51.32,50.94,-999,NORMAL
04/01/26 00,4.571,3.354,4.509,131.44,1,97.71,1,53.75,50.53,73.35,-999,NORMAL
04/01/26 01,4.555,3.25,4.916,111.5,1,101.64,1,52.43,48.29,59.61,-999,NORMAL
04/01/26 02,4.644,3.267,5.515,114.9,1,92.84,1,52.06,46.22,63.89,-999,NORMAL
04/01/26 03,4.727,3.016,5.448,133.56,1,98.31,1,60.63,44.9,55.78,-999,NORMAL
04/01/26 04,3.966,3.499,5.362,119.44,1,97.24,1,51.62,57.78,62.65,-999,NORMAL
04/01/26 05,4.533,3.345,5.292,122.24,1,88.68,1,56.41,55.53,68.73,-999,NORMAL
04/01/26 06,4.978,3.098,4.704,118.74,1,95.45,1,58.28,41.23,69.65,-999,NORMAL
04/01/26 07,4.453,3.115,4.695,103.45,1,101.59,1,55.22,42.84,55.52,-999,NORMAL
04/01/26 08,4.399,3.534,4.996,104.97,1,93.03,1,54.18,37.21,61.73,-999,NORMAL
04/01/26 09,4.431,3.339,5.84,131.27,1,92.85,1,51.68,58.29,62.3,-999,NORMAL
04/01/26 10,4.504,3.195,5.179,118.56,1,90.41,1,53.36,47.87,59.28,-999,NORMAL
04/01/26 11,4.286,3.221,4.998,135.04,1,73.79,1,58.27,52.98,51.63,-999,NORMAL
04/01/26 12,4.397,3.126,4.537,112.22,1,86.12,1,60.26,51.74,68.36,-999,NORMAL
04/01/26 13,4.717,2.974,4.89,124.89,1,85.22,1,57.14,47.04,60.13,-999,NORMAL
04/01/26 14,4.713,3.289,4.956,131.59,1,86.35,1,56.85,50.37,60.45,-999,NORMAL
04/01/26 15,4.598,2.95,5.47,118.15,1,90.82,1,58.15,45.18,54.96,-999,NORMAL
04/01/26 16,4.033,3.321,4.588,137.55,1,78.34,1,60.09,48.84,61.52,-999,NORMAL
04/01/26 17,4.337,3.28,5.085,131.03,1,95.91,1,55.45,46.55,61.72,-999,NORMAL
04/01/26 18,4.592,2.858,4.561,127.43,1,96.37,1,54.45,48.07,63.74,-999,NORMAL
04/01/26 19,4.338,3.044,5.178,110.22,1,98.27,1,49.89,52.12,64.36,-999,NORMAL
04/01/26 20,4.577,3.397,5.766,130.14,1,80.27,1,51.16,45.5,62.13,-999,NORMAL
04/01/26 21,4.655,3.055,5.175,112.45,1,90.11,1,50.78,44.31,55.24,-999,NORMAL
04/01/26 22,4.207,3.411,4.72,146.32,1,98.95,1,55.55,44.57,65.5,-999,NORMAL
04/01/26 23,4.327,3.224,6.124,119.04,1,104.19,1,52.89,47.86,70.85,-999,NORMAL
05/01/26 00,4.312,3.562,5.383,114.38,1,100.06,1,57.92,50.49,54.15,-999,NORMAL
05/01/26 01,4.282,3.15,5.07,126.21,1,96.42,1,50.99,49.52,65.05,-999,NORMAL
05/01/26 02,4.668,3.416,5.434,124.59,1,94.44,1,50.02,49.72,63.04,-999,NORMAL
05/01/26 03,4.581,2.945,4.668,130.53,1,94.68,1,57.04,48.11,62.15,-999,NORMAL
05/01/26 04,4.781,3.097,5.138,115.38,1,91.52,1,54.07,48.89,59.61,-999,NORMAL
05/01/26 05,4.877,3.021,5.025,115.6,1,106.58,1,55.59,52.13,54.57,-999,NORMAL
05/01/26 06,4.58,3.378,5.133,130.65,1,90.86,1,59.23,57.2,60.19,-999,NORMAL
05/01/26 07,4.366,3.491,5.732,114.77,1,91.64,1,54.15,42.62,57.41,-999,NORMAL
05/01/26 08,4.199,3.046,5.086,122.34,1,107.4,1,52.0,51.94,60.93,-999,NORMAL
05/01/26 09,4.485,3.335,4.651,123.82,1,96.33,1,56.48,49.16,74.28,-999,NORMAL
05/01/26 10,4.309,3.094,4.851,114.45,1,89.9,1,58.57,53.68,59.15,-999,NORMAL
05/01/26 11,4.25,3.294,4.879,126.33,1,96.62,1,50.45,54.19,70.98,-999,NORMAL
05/01/26 12,4.316,3.122,5.214,123.34,1,100.27,1,61.03,47.29,58.01,-999,NORMAL
05/01/26 13,4.086,3.054,5.087,137.95,1,90.86,1,55.67,47.93,67.94,-999,NORMAL
05/01/26 14,5.258,3.094,4.904,130.44,1,100.46,1,60.54,50.34,60.2,-999,NORMAL
05/01/26 15,4.677,3.422,5.428,125.07,1,103.53,1,58.51,53.53,65.24,-999,NORMAL
05/01/26 16,4.45,3.229,5.583,111.83,1,97.95,1,53.82,48.11,68.39,-999,NORMAL
05/01/26 17,4.557,3.209,4.556,127.46,1,100.16,1,61.49,46.77,63.1,-999,NORMAL
05/01/26 18,4.575,3.515,5.062,122.79,1,99.86,1,55.56,46.21,62.97,-999,NORMAL
05/01/26 19,4.822,2.995,5.153,113.0,1,104.56,1,50.43,45.76,63.89,-999,NORMAL
05/01/26 20,4.97,3.187,4.878,138.81,1,83.42,1,48.4,49.76,59.49,-999,NORMAL
05/01/26 21,4.194,3.342,5.198,114.36,1,84.76,1,57.62,50.6,61.5,-999,NORMAL
05/01/26 22,5.054,2.986,4.49,113.08,1,94.64,1,55.73,47.04,63.76,-999,NORMAL
05/01/26 23,4.125,3.489,5.067,131.17,1,97.74,1,56.37,50.28,64.24,-999,NORMAL
06/01/26 00,4.693,3.466,5.179,127.09,1,94.28,1,59.32,45.29,71.0,-999,NORMAL
06/01/26 01,4.488,2.914,5.151,113.19,1,101.73,1,53.04,46.22,52.55,-999,NORMAL
06/01/26 02,4.364,2.715,4.466,127.6,1,101.29,1,56.28,44.13,61.76,-999,NORMAL
06/01/26 03,4.499,2.968,5.701,128.77,1,93.23,1,55.08,48.83,51.79,-999,NORMAL
06/01/26 04,4.426,3.064,4.699,117.19,1,109.38,1,56.92,45.72,64.86,-999,NORMAL
06/01/26 05,4.92,3.385,5.124,113.53,1,100.59,1,56.18,51.58,65.18,-999,NORMAL
06/01/26 06,4.815,3.093,5.627,121.98,1,111.6,1,52.93,54.94,62.99,-999,NORMAL
06/01/26 07,4.305,3.103,4.972,124.24,1,99.18,1,53.28,47.9,72.71,-999,NORMAL
06/01/26 08,5.018,3.287,5.115,121.2,1,99.91,1,51.93,46.97,53.66,-999,NORMAL
06/01/26 09,4.62,3.329,4.907,135.74,1,85.19,1,50.61,48.9,67.24,-999,NORMAL
06/01/26 10,5.005,3.108,5.531,119.61,1,93.62,1,57.65,50.61,54.12,-999,NORMAL
06/01/26 11,4.943,3.476,4.85,123.96,1,98.95,1,55.78,45.8,58.64,-999,NORMAL
06/01/26 12,4.492,3.435,5.317,116.29,1,101.17,1,46.45,52.6,53.3,-999,NORMAL
06/01/26 13,4.391,2.976,4.582,131.61,1,91.26,1,56.04,47.81,64.39,-999,NORMAL
06/01/26 14,4.523,2.943,5.499,115.06,1,82.55,1,53.72,54.0,66.25,-999,NORMAL
06/01/26 15,4.395,3.13,4.971,140.77,1,98.06,1,56.29,52.12,63.19,-999,NORMAL
06/01/26 16,4.422,3.161,5.071,119.63,1,100.82,1,55.16,50.93,61.6,-999,NORMAL
06/01/26 17,4.524,2.8,5.467,123.46,1,102.98,1,46.31,56.35,61.3,-999,NORMAL
06/01/26 18,4.832,2.992,5.345,109.47,1,90.01,1,60.74,47.24,63.09,-999,NORMAL
06/01/26 19,4.761,3.299,5.16,123.65,1,114.23,1,54.83,48.8,67.25,-999,NORMAL
06/01/26 20,4.832,3.437,5.355,108.57,1,108.07,1,51.56,49.21,58.23,-999,NORMAL
06/01/26 21,4.481,3.266,5.229,124.22,1,107.91,1,56.36,47.02,66.82,-999,NORMAL
06/01/26 22,4.857,2.954,5.339,127.01,1,92.62,1,59.13,47.4,62.63,-999,NORMAL
06/01/26 23,4.448,3.203,4.661,105.6,1,107.76,1,52.46,44.03,51.23,-999,NORMAL
07/01/26 00,4.308,2.935,5.757,130.1,1,89.49,1,61.76,51.93,60.38,-999,NORMAL
07/01/26 01,3.75,3.658,4.544,103.55,1,103.18,1,62.32,53.54,64.82,-999,NORMAL
07/01/26 02,4.678,3.371,5.404,122.81,1,95.83,1,54.81,44.98,60.6,-999,NORMAL
07/01/26 03,3.992,3.18,4.705,108.96,1,96.44,1,59.18,51.67,54.15,-999,NORMAL
07/01/26 04,4.203,3.388,4.707,117.75,1,99.4,1,52.09,48.42,55.33,-999,NORMAL
07/01/26 05,4.32,3.264,4.463,124.4,1,94.84,1,56.66,48.9,68.82,-999,NORMAL
07/01/26 06,4.538,3.114,5.149,125.43,1,95.39,1,55.12,45.19,58.69,-999,NORMAL
07/01/26 07,4.079,3.55,4.602,113.07,1,89.25,1,57.68,46.82,68.24,-999,NORMAL
07/01/26 08,4.298,3.256,4.766,141.45,1,85.5,1,55.93,50.54,64.07,-999,NORMAL
07/01/26 09,4.444,3.174,5.118,118.53,1,102.71,1,61.63,45.77,55.15,-999,NORMAL
07/01/26 10,4.474,3.716,4.779,136.39,1,108.42,1,53.34,50.28,70.14,-999,NORMAL
07/01/26 11,4.386,3.159,4.867,109.85,1,89.81,1,51.33,48.14,58.15,-999,NORMAL
07/01/26 12,4.57,2.889,5.232,128.34,1,79.05,1,56.12,52.91,55.95,-999,NORMAL
07/01/26 13,5.002,3.284,4.818,119.44,1,99.47,1,55.23,50.16,57.4,-999,NORMAL
07/01/26 14,4.551,2.917,5.056,110.96,1,89.12,1,58.71,52.37,65.05,-999,NORMAL
07/01/26 15,4.172,3.137,5.585,121.42,1,113.55,1,56.18,48.77,60.45,-999,NORMAL
07/01/26 16,4.54,3.17,5.383,129.57,1,88.71,1,51.01,40.66,64.54,-999,NORMAL
07/01/26 17,4.169,2.769,5.255,144.93,1,94.95,1,57.52,48.33,61.51,-999,NORMAL
07/01/26 18,4.776,3.142,5.207,123.22,1,89.66,1,57.98,47.3,58.22,-999,NORMAL
07/01/26 19,4.661,3.02,5.111,119.91,1,103.69,1,56.42,47.9,66.09,-999,NORMAL
07/01/26 20,4.917,3.312,5.104,106.88,1,86.48,1,54.08,45.56,61.07,-999,NORMAL
07/01/26 21,4.517,3.306,5.072,124.87,1,95.52,1,49.07,44.24,61.28,-999,NORMAL
07/01/26 22,4.137,3.32,5.712,132.19,1,93.29,1,59.47,48.59,60.31,-999,NORMAL
07/01/26 23,4.316,3.14,4.945,121.7,1,96.28,1,55.01,49.75,67.95,-999,NORMAL
08/01/26 00,4.785,2.903,4.078,129.34,1,84.06,1,54.33,43.32,52.99,-999,NORMAL
08/01/26 01,4.662,3.352,4.869,94.09,1,90.63,1,56.18,42.08,62.92,-999,NORMAL
08/01/26 02,4.495,3.316,5.148,110.27,1,104.57,1,54.52,47.89,57.33,-999,NORMAL
08/01/26 03,4.367,3.023,5.031,137.12,1,84.02,1,50.16,53.88,60.95,-999,NORMAL
08/01/26 04,4.299,3.408,4.858,138.26,1,100.42,1,53.54,56.63,58.97,-999,NORMAL
08/01/26 05,4.723,3.26,5.621,135.62,1,95.26,1,52.74,49.84,58.61,-999,NORMAL
08/01/26 06,5.104,3.227,4.954,121.85,1,84.22,1,52.09,52.8,58.72,-999,NORMAL
08/01/26 07,4.186,3.307,5.574,127.19,1,102.97,1,52.73,42.31,69.51,-999,NORMAL
08/01/26 08,4.403,3.15,5.631,125.56,1,98.65,1,61.5,45.43,66.64,-999,NORMAL
08/01/26 09,4.517,3.254,5.711,125.08,1,99.31,1,58.22,46.54,57.8,-999,NORMAL
08/01/26 10,4.187,2.807,5.922,108.97,1,93.23,1,54.17,49.23,66.08,-999,NORMAL
08/01/26 11,4.758,3.083,5.033,122.83,1,93.01,1,59.82,49.96,65.67,-999,NORMAL
08/01/26 12,4.699,3.435,5.172,107.03,1,98.2,1,53.05,45.89,64.93,-999,NORMAL
08/01/26 13,4.871,3.204,5.224,137.02,1,96.93,1,62.81,50.26,53.2,-999,NORMAL
08/01/26 14,4.726,3.276,5.616,126.73,1,93.89,1,51.33,47.16,57.75,-999,NORMAL
08/01/26 15,4.326,3.318,5.768,123.95,1,85.43,1,56.33,52.79,58.95,-999,NORMAL
08/01/26 16,4.46,3.203,4.786,126.48,1,94.03,1,56.26,44.45,59.81,-999,NORMAL
08/01/26 17,4.717,3.125,5.791,116.0,1,96.8,1,57.8,42.33,53.2,-999,NORMAL
08/01/26 18,4.042,3.453,4.879,145.58,1,90.49,1,55.55,54.17,72.03,-999,NORMAL
08/01/26 19,5.118,3.442,5.51,125.93,1,101.23,1,53.35,44.73,61.98,-999,NORMAL
08/01/26 20,4.449,3.109,5.379,129.55,1,95.71,1,59.43,43.43,61.03,-999,NORMAL
08/01/26 21,4.285,2.827,5.067,118.78,1,107.11,1,56.89,43.9,71.27,-999,NORMAL
08/01/26 22,4.866,3.316,5.009,110.41,1,92.02,1,58.27,55.54,69.72,-999,NORMAL
08/01/26 23,4.353,2.976,5.156,102.32,1,97.59,1,54.56,46.14,54.03,-999,NORMAL
09/01/26 00,4.654,3.093,4.632,91.28,1,94.78,1,60.32,54.65,59.71,-999,NORMAL
09/01/26 01,4.319,3.294,4.701,123.02,1,101.13,1,58.68,47.6,60.98,-999,NORMAL
09/01/26 02,4.237,3.035,5.009,123.67,1,102.31,1,52.59,53.97,60.64,-999,NORMAL
09/01/26 03,4.494,3.051,4.13,128.84,1,100.89,1,54.16,48.27,64.58,-999,NORMAL
09/01/26 04,4.031,3.094,5.418,107.46,1,97.35,1,50.93,49.87,61.82,-999,NORMAL
09/01/26 05,4.015,3.433,4.806,111.9,1,96.6,1,58.45,43.94,62.31,-999,NORMAL
09/01/26 06,4.629,3.339,5.171,116.33,1,88.38,1,55.26,43.71,47.39,-999,NORMAL
09/01/26 07,4.631,3.381,4.155,109.9,1,99.95,1,61.17,48.08,58.36,-999,NORMAL
09/01/26 08,3.645,3.475,4.842,0.0,0,91.14,1,52.14,48.49,70.12,1,T0855_UNAUTHORIZED_COMMAND
09/01/26 09,3.797,3.15,4.983,0.0,0,102.06,1,54.77,47.28,77.97,1,T0855_UNAUTHORIZED_COMMAND
09/01/26 10,3.79,3.05,4.929,0.0,0,95.91,1,50.69,51.68,58.66,1,T0855_UNAUTHORIZED_COMMAND
09/01/26 11,4.262,3.416,4.921,0.0,0,95.54,1,57.56,49.94,57.77,1,T0855_UNAUTHORIZED_COMMAND
09/01/26 12,3.507,3.406,4.966,0.0,0,87.36,1,56.27,56.25,56.66,1,T0855_UNAUTHORIZED_COMMAND
09/01/26 13,3.707,3.482,5.068,0.0,0,86.5,1,56.28,47.25,66.93,1,T0855_UNAUTHORIZED_COMMAND
09/01/26 14,4.056,3.718,5.332,0.0,0,96.56,1,53.94,49.35,60.52,1,T0855_UNAUTHORIZED_COMMAND
09/01/26 15,3.751,3.464,4.697,0.0,0,105.54,1,54.65,39.51,58.96,1,T0855_UNAUTHORIZED_COMMAND
09/01/26 16,4.089,3.195,4.7,0.0,0,101.72,1,56.64,47.04,60.17,1,T0855_UNAUTHORIZED_COMMAND
09/01/26 17,3.582,3.016,5.746,0.0,0,104.74,1,59.56,51.99,59.84,1,T0855_UNAUTHORIZED_COMMAND
09/01/26 18,3.821,3.195,4.739,0.0,0,85.57,1,58.56,46.14,63.01,1,T0855_UNAUTHORIZED_COMMAND
09/01/26 19,3.785,3.148,5.335,0.0,0,101.97,1,50.96,48.51,71.69,1,T0855_UNAUTHORIZED_COMMAND
09/01/26 20,3.4,3.064,5.306,0.0,0,97.81,1,56.47,50.54,67.55,1,T0855_UNAUTHORIZED_COMMAND
09/01/26 21,3.823,3.152,5.369,0.0,0,93.94,1,52.08,52.43,61.4,1,T0855_UNAUTHORIZED_COMMAND
09/01/26 22,3.048,3.369,4.886,0.0,0,97.66,1,55.57,50.84,59.82,1,T0855_UNAUTHORIZED_COMMAND
09/01/26 23,4.654,3.148,5.396,126.15,1,87.52,1,58.26,45.86,66.04,-999,NORMAL
10/01/26 00,4.61,3.568,5.011,116.51,1,94.84,1,54.09,51.2,53.92,-999,NORMAL
10/01/26 01,4.184,2.986,5.48,137.11,1,94.16,1,54.49,48.28,67.81,-999,NORMAL
10/01/26 02,4.222,3.248,5.49,125.01,1,96.52,1,58.0,37.19,65.39,-999,NORMAL
10/01/26 03,4.304,2.834,5.304,133.74,1,93.9,1,57.86,54.45,68.57,-999,NORMAL
10/01/26 04,4.992,3.348,5.13,103.98,1,93.03,1,52.47,56.68,61.12,-999,NORMAL
10/01/26 05,4.537,3.31,5.117,136.95,1,90.02,1,55.58,45.03,55.4,-999,NORMAL
10/01/26 06,4.316,3.193,4.928,113.08,1,83.75,1,54.75,41.98,65.8,-999,NORMAL
10/01/26 07,4.525,2.908,4.976,112.48,1,97.55,1,59.02,40.5,62.58,-999,NORMAL
10/01/26 08,4.452,3.334,5.185,112.48,1,92.45,1,52.61,52.3,62.11,-999,NORMAL
10/01/26 09,5.07,3.188,4.817,104.86,1,80.57,1,50.25,49.07,64.54,-999,NORMAL
10/01/26 10,4.026,3.379,4.907,121.47,1,107.9,1,57.69,46.93,57.54,-999,NORMAL
10/01/26 11,3.854,3.056,5.016,110.13,1,93.95,1,55.23,47.1,58.75,-999,NORMAL
10/01/26 12,4.551,3.288,4.664,134.11,1,94.21,1,55.06,50.83,63.17,-999,NORMAL
10/01/26 13,4.786,3.257,4.855,123.62,1,85.85,1,55.33,47.87,60.96,-999,NORMAL
10/01/26 14,4.461,2.824,4.881,120.93,1,96.28,1,51.92,53.06,57.67,-999,NORMAL
10/01/26 15,4.791,3.285,4.842,137.75,1,85.45,1,57.76,52.0,58.65,-999,NORMAL
10/01/26 16,4.918,3.15,5.215,122.6,1,93.93,1,57.43,51.17,53.26,-999,NORMAL
10/01/26 17,4.891,2.868,5.513,131.27,1,86.27,1,53.77,43.58,60.93,-999,NORMAL
10/01/26 18,4.408,3.356,5.624,133.96,1,90.5,1,54.37,41.27,57.97,-999,NORMAL
10/01/26 19,4.789,3.523,4.606,114.08,1,94.79,1,55.84,44.76,64.12,-999,NORMAL
10/01/26 20,4.358,3.197,5.319,120.06,1,91.51,1,54.67,47.65,60.15,-999,NORMAL
10/01/26 21,4.422,3.52,5.324,117.05,1,100.58,1,54.0,52.69,63.85,-999,NORMAL
10/01/26 22,4.468,3.29,4.472,108.73,1,85.45,1,55.43,54.93,73.16,-999,NORMAL
10/01/26 23,4.691,3.3,4.38,114.57,1,88.7,1,53.14,47.33,59.64,-999,NORMAL
11/01/26 00,3.906,3.35,4.671,122.39,1,111.59,1,52.24,37.88,60.57,-999,NORMAL
11/01/26 01,4.83,3.592,4.608,124.97,1,91.28,1,54.68,58.58,54.49,-999,NORMAL
11/01/26 02,4.576,3.294,5.534,120.98,1,97.46,1,53.83,49.08,60.28,-999,NORMAL
11/01/26 03,4.686,3.126,5.251,119.71,1,104.01,1,54.85,40.91,68.31,-999,NORMAL
11/01/26 04,4.228,3.069,4.862,133.74,1,77.91,1,64.41,52.22,63.12,-999,NORMAL
11/01/26 05,4.484,3.257,5.308,126.45,1,99.44,1,55.27,47.21,61.24,-999,NORMAL
11/01/26 06,4.442,3.427,5.337,90.6,1,100.25,1,55.58,47.93,60.06,-999,NORMAL
11/01/26 07,4.837,3.39,4.791,124.07,1,87.23,1,50.86,45.49,66.31,-999,NORMAL
11/01/26 08,4.786,3.303,5.39,125.16,1,89.87,1,56.3,51.2,65.77,-999,NORMAL
11/01/26 09,4.857,3.342,5.241,130.7,1,94.79,1,52.35,47.35,58.28,-999,NORMAL
11/01/26 10,4.297,3.171,4.783,116.92,1,79.85,1,55.64,48.0,57.91,-999,NORMAL
11/01/26 11,4.698,3.388,4.457,112.37,1,88.85,1,52.18,51.32,61.03,-999,NORMAL
11/01/26 12,4.421,2.799,5.354,107.61,1,95.48,1,55.83,53.44,55.46,-999,NORMAL
11/01/26 13,3.594,3.237,5.82,132.39,1,96.68,1,53.53,51.23,57.13,-999,NORMAL
11/01/26 14,4.643,3.301,5.524,147.6,1,98.14,1,53.47,47.9,53.15,-999,NORMAL
11/01/26 15,4.292,3.118,4.89,121.52,1,88.42,1,58.36,48.0,61.95,-999,NORMAL
11/01/26 16,4.402,3.231,5.43,111.33,1,89.74,1,54.09,42.62,57.9,-999,NORMAL
11/01/26 17,4.357,3.375,5.205,121.94,1,101.81,1,54.59,49.56,61.48,-999,NORMAL
11/01/26 18,4.58,3.083,4.124,118.66,1,106.38,1,57.78,51.86,68.18,-999,NORMAL
11/01/26 19,4.527,3.239,4.853,116.84,1,99.93,1,58.61,47.44,59.75,-999,NORMAL
11/01/26 20,4.5,3.32,4.522,97.04,1,90.6,1,51.34,45.97,61.26,-999,NORMAL
11/01/26 21,4.364,3.49,5.231,123.0,1,99.98,1,51.58,52.16,61.62,-999,NORMAL
11/01/26 22,4.701,2.986,4.478,128.18,1,98.01,1,52.29,44.52,67.63,-999,NORMAL
11/01/26 23,4.143,3.529,4.74,126.38,1,92.37,1,56.81,45.82,61.19,-999,NORMAL
12/01/26 00,4.512,3.0,5.396,114.87,1,93.17,1,52.02,37.75,61.04,-999,NORMAL
12/01/26 01,5.224,3.357,5.092,117.37,1,95.18,1,56.64,43.28,67.57,-999,NORMAL
12/01/26 02,4.715,3.344,5.275,120.2,1,100.38,1,56.78,46.58,59.13,-999,NORMAL
12/01/26 03,4.531,3.51,4.604,105.32,1,96.32,1,55.15,48.69,63.22,-999,NORMAL
12/01/26 04,4.433,3.498,4.46,111.72,1,94.17,1,50.07,47.3,70.31,-999,NORMAL
12/01/26 05,4.506,3.246,4.596,113.84,1,92.0,1,54.05,53.13,64.79,-999,NORMAL
12/01/26 06,4.167,3.249,5.299,131.4,1,107.64,1,51.95,44.76,55.71,-999,NORMAL
12/01/26 07,4.43,3.293,5.495,119.24,1,92.44,1,55.46,44.66,72.45,-999,NORMAL
12/01/26 08,4.018,3.237,5.909,120.07,1,93.48,1,53.93,47.28,68.86,-999,NORMAL
12/01/26 09,3.836,3.507,4.53,117.33,1,91.57,1,56.77,41.61,64.31,-999,NORMAL
12/01/26 10,5.107,2.927,5.176,113.38,1,98.41,1,55.06,45.43,64.44,-999,NORMAL
12/01/26 11,5.041,3.162,5.388,107.07,1,87.35,1,56.42,53.94,63.78,-999,NORMAL
12/01/26 12,4.406,3.2,4.6,126.05,1,102.06,1,53.64,46.12,63.33,-999,NORMAL
12/01/26 13,4.369,3.187,5.94,117.53,1,92.13,1,53.06,50.98,61.09,-999,NORMAL
12/01/26 14,4.305,3.464,5.668,114.0,1,80.07,1,58.02,45.26,65.95,-999,NORMAL
12/01/26 15,3.909,3.379,4.616,127.31,1,95.11,1,52.14,46.37,65.43,-999,NORMAL
12/01/26 16,4.532,3.317,5.891,104.36,1,107.94,1,55.31,44.4,55.35,-999,NORMAL
12/01/26 17,4.443,3.384,5.049,135.11,1,83.39,1,54.96,42.99,63.82,-999,NORMAL
12/01/26 18,4.766,3.116,4.058,121.99,1,98.49,1,56.21,52.94,56.64,-999,NORMAL
12/01/26 19,4.704,3.439,4.389,123.2,1,90.97,1,54.76,49.39,59.56,-999,NORMAL
12/01/26 20,4.297,3.207,4.665,109.14,1,100.43,1,51.55,50.67,64.31,-999,NORMAL
12/01/26 21,3.982,3.064,5.578,110.19,1,91.28,1,56.39,51.13,60.74,-999,NORMAL
12/01/26 22,4.321,3.484,5.796,129.79,1,95.68,1,52.58,44.68,64.61,-999,NORMAL
12/01/26 23,4.626,3.48,5.36,104.97,1,103.42,1,52.01,46.46,63.25,-999,NORMAL
13/01/26 00,5.099,3.822,5.343,118.17,1,99.28,1,57.66,46.72,70.98,-999,NORMAL
13/01/26 01,4.569,3.3,5.366,124.22,1,101.71,1,53.15,45.77,56.5,-999,NORMAL
13/01/26 02,4.632,3.356,5.283,136.74,1,94.96,1,57.01,43.63,60.06,-999,NORMAL
13/01/26 03,4.709,3.37,4.982,119.28,1,82.86,1,53.93,51.56,64.88,-999,NORMAL
13/01/26 04,4.65,3.21,5.103,113.4,1,100.59,1,56.26,49.97,59.37,-999,NORMAL
13/01/26 05,3.854,3.419,4.908,111.37,1,100.55,1,53.82,52.24,65.09,-999,NORMAL
13/01/26 06,4.705,2.927,5.585,122.61,1,92.05,1,55.43,40.9,64.04,-999,NORMAL
13/01/26 07,4.191,2.929,4.491,131.13,1,89.97,1,59.6,45.86,53.46,-999,NORMAL
13/01/26 08,4.165,3.447,5.038,114.52,1,96.28,1,56.51,52.47,69.24,-999,NORMAL
13/01/26 09,4.392,2.935,4.935,122.6,1,87.29,1,52.13,49.38,61.76,-999,NORMAL
13/01/26 10,4.51,3.048,5.008,110.76,1,102.12,1,58.11,40.62,57.35,-999,NORMAL
13/01/26 11,4.051,3.07,5.067,105.5,1,87.63,1,51.99,48.83,62.35,-999,NORMAL
13/01/26 12,4.283,3.235,4.881,117.28,1,108.39,1,59.02,42.8,66.15,-999,NORMAL
13/01/26 13,4.743,2.97,5.428,135.38,1,86.02,1,52.25,52.07,63.36,-999,NORMAL
13/01/26 14,4.665,3.268,5.256,106.74,1,103.38,1,58.51,47.08,61.78,-999,NORMAL
13/01/26 15,4.041,3.303,5.329,119.38,1,103.99,1,54.0,50.26,56.9,-999,NORMAL
13/01/26 16,4.493,3.165,5.19,116.3,1,93.95,1,57.48,46.25,53.97,-999,NORMAL
13/01/26 17,5.025,3.476,4.583,126.9,1,90.98,1,55.79,49.18,60.83,-999,NORMAL
13/01/26 18,4.265,3.062,4.734,111.68,1,94.46,1,52.85,50.73,69.44,-999,NORMAL
13/01/26 19,4.326,3.248,5.3,124.72,1,95.61,1,57.23,49.93,55.81,-999,NORMAL
13/01/26 20,4.761,3.377,4.795,120.38,1,100.47,1,54.37,52.29,73.82,-999,NORMAL
13/01/26 21,4.264,2.924,5.222,127.22,1,93.15,1,59.36,42.65,65.46,-999,NORMAL
13/01/26 22,4.318,3.544,5.897,112.33,1,90.6,1,57.58,46.45,61.77,-999,NORMAL
13/01/26 23,4.508,2.816,5.094,113.1,1,91.06,1,59.33,42.97,66.07,-999,NORMAL
14/01/26 00,4.416,3.144,5.416,123.4,1,99.56,1,57.9,46.67,58.94,-999,NORMAL
14/01/26 01,4.174,3.035,6.28,132.45,1,84.19,1,51.03,49.93,64.74,-999,NORMAL
14/01/26 02,4.665,3.149,5.05,123.28,1,95.69,1,48.34,47.08,57.74,-999,NORMAL
14/01/26 03,4.553,3.797,5.247,116.86,1,102.37,1,56.45,49.68,65.03,-999,NORMAL
14/01/26 04,5.117,2.974,5.289,110.74,1,99.44,1,52.24,46.33,60.52,-999,NORMAL
14/01/26 05,4.793,3.384,4.602,120.55,1,89.32,1,51.22,47.13,60.46,-999,NORMAL
14/01/26 06,5.228,3.287,4.549,114.35,1,103.17,1,61.27,41.66,52.6,-999,NORMAL
14/01/26 07,5.061,3.278,4.753,125.35,1,73.91,1,55.01,49.31,66.62,-999,NORMAL
14/01/26 08,4.196,3.217,4.73,122.55,1,87.84,1,53.78,44.02,65.26,-999,NORMAL
14/01/26 09,4.758,3.153,5.115,105.51,1,92.6,1,54.85,58.48,56.44,-999,NORMAL
14/01/26 10,4.939,3.399,5.212,137.59,1,97.98,1,56.17,47.79,68.12,-999,NORMAL
14/01/26 11,4.829,3.075,4.572,117.97,1,88.6,1,54.81,52.95,59.71,-999,NORMAL
14/01/26 12,4.487,3.212,5.439,97.53,1,90.15,1,55.63,52.8,59.54,-999,NORMAL
14/01/26 13,3.937,3.324,4.846,108.1,1,90.01,1,54.45,45.58,50.97,-999,NORMAL
14/01/26 14,4.769,3.455,5.361,108.62,1,93.39,1,54.98,50.4,65.34,-999,NORMAL
14/01/26 15,4.28,3.216,5.283,134.56,1,100.64,1,57.37,48.34,69.05,-999,NORMAL
14/01/26 16,4.623,3.028,5.661,126.98,1,91.46,1,53.56,49.19,64.32,-999,NORMAL
14/01/26 17,4.559,3.262,5.78,130.72,1,96.53,1,57.82,43.87,63.99,-999,NORMAL
14/01/26 18,5.043,3.156,4.761,113.48,1,86.28,1,52.65,46.52,54.97,-999,NORMAL
14/01/26 19,4.505,3.38,4.737,135.19,1,99.09,1,58.09,45.37,66.27,-999,NORMAL
14/01/26 20,4.172,3.378,5.169,125.53,1,85.6,1,52.31,50.39,57.26,-999,NORMAL
14/01/26 21,4.639,2.927,5.439,107.67,1,99.42,1,56.88,45.21,64.91,-999,NORMAL
14/01/26 22,4.578,3.092,4.697,100.37,1,97.8,1,50.31,48.38,60.68,-999,NORMAL
14/01/26 23,4.704,3.14,4.968,127.32,1,97.68,1,55.95,49.88,54.32,-999,NORMAL
15/01/26 00,4.727,3.322,4.693,117.56,1,94.69,1,54.6,49.34,69.16,-999,NORMAL
15/01/26 01,4.825,2.938,5.349,133.29,1,98.09,1,58.27,56.05,67.12,-999,NORMAL
15/01/26 02,4.575,3.409,5.158,120.24,1,92.19,1,59.69,44.73,69.66,-999,NORMAL
15/01/26 03,4.65,2.92,5.247,99.0,1,100.0,1,57.66,45.63,62.62,-999,NORMAL
15/01/26 04,5.086,3.099,4.676,134.82,1,110.7,1,55.01,52.05,68.71,-999,NORMAL
15/01/26 05,4.277,3.103,5.592,136.85,1,99.5,1,52.36,55.95,59.35,-999,NORMAL
15/01/26 06,4.399,3.268,5.722,128.54,1,98.32,1,56.39,48.17,64.79,-999,NORMAL
15/01/26 07,3.741,3.141,5.197,108.49,1,98.09,1,54.39,55.02,69.87,-999,NORMAL
15/01/26 08,4.36,3.17,5.07,115.48,1,96.56,1,52.73,43.48,65.11,-999,NORMAL
15/01/26 09,4.689,3.039,5.458,113.68,1,97.03,1,57.46,47.87,64.27,-999,NORMAL
15/01/26 10,4.345,3.161,5.018,112.53,1,93.59,1,50.35,46.04,60.58,-999,NORMAL
15/01/26 11,4.423,3.152,5.075,124.79,1,102.0,1,53.05,43.19,56.79,-999,NORMAL
15/01/26 12,4.354,3.13,4.792,107.04,1,91.35,1,55.54,50.38,59.21,-999,NORMAL
15/01/26 13,4.376,3.015,5.087,111.52,1,99.59,1,49.64,46.56,63.51,-999,NORMAL
15/01/26 14,4.555,3.739,5.24,109.96,1,94.24,1,49.67,47.68,57.83,-999,NORMAL
15/01/26 15,4.775,3.09,5.053,113.64,1,108.91,1,54.04,55.33,66.07,-999,NORMAL
15/01/26 16,4.645,3.274,5.258,100.72,1,92.77,1,57.54,47.8,54.97,-999,NORMAL
15/01/26 17,4.484,3.541,5.599,119.38,1,102.61,1,53.9,41.18,57.38,-999,NORMAL
15/01/26 18,4.969,3.145,5.003,117.0,1,110.23,1,59.88,56.88,61.2,-999,NORMAL
15/01/26 19,4.589,2.897,5.691,108.32,1,96.73,1,51.71,45.64,57.81,-999,NORMAL
15/01/26 20,4.318,3.092,4.881,128.33,1,86.16,1,55.66,52.87,59.43,-999,NORMAL
15/01/26 21,4.285,3.154,5.572,121.94,1,90.75,1,56.45,43.59,65.41,-999,NORMAL
15/01/26 22,4.623,3.138,4.765,111.13,1,99.28,1,58.69,45.45,64.29,-999,NORMAL
15/01/26 23,3.874,3.083,5.088,110.9,1,87.51,1,53.0,49.17,61.06,-999,NORMAL
16/01/26 00,3.829,2.776,4.857,124.58,1,73.02,1,53.5,45.9,68.94,-999,NORMAL
16/01/26 01,4.384,3.277,5.157,98.69,1,101.15,1,55.65,50.03,81.63,-999,NORMAL
16/01/26 02,3.875,3.545,4.985,122.87,1,94.64,1,53.73,45.72,63.65,-999,NORMAL
16/01/26 03,4.045,3.35,4.934,108.7,1,91.4,1,58.77,45.86,63.79,-999,NORMAL
16/01/26 04,4.281,3.352,5.374,138.49,1,93.6,1,57.01,48.39,68.48,-999,NORMAL
16/01/26 05,4.284,3.349,5.022,119.36,1,95.73,1,55.76,47.54,63.07,-999,NORMAL
16/01/26 06,4.973,3.397,5.448,115.44,1,87.89,1,57.87,51.5,69.36,-999,NORMAL
16/01/26 07,4.319,3.154,4.444,116.08,1,102.97,1,53.6,50.56,61.05,-999,NORMAL
16/01/26 08,4.597,2.97,5.134,90.09,1,93.5,1,50.11,52.82,65.89,-999,NORMAL
16/01/26 09,4.64,3.504,4.72,137.47,1,102.46,1,54.29,52.54,56.47,-999,NORMAL
16/01/26 10,4.253,3.078,4.888,109.43,1,104.78,1,54.22,49.41,59.15,-999,NORMAL
16/01/26 11,3.954,3.254,4.335,119.31,1,84.05,1,60.96,51.65,62.53,-999,NORMAL
16/01/26 12,4.879,3.031,5.317,122.0,1,97.11,1,58.82,50.93,63.44,-999,NORMAL
16/01/26 13,4.004,3.008,5.051,120.93,1,85.96,1,62.24,54.07,65.01,-999,NORMAL
16/01/26 14,4.522,3.158,4.719,120.77,1,97.06,1,51.27,49.34,61.22,-999,NORMAL
16/01/26 15,3.928,3.028,4.935,138.88,1,99.45,1,50.99,49.94,54.26,-999,NORMAL
16/01/26 16,4.825,3.106,5.063,133.26,1,84.7,1,50.81,45.67,67.19,-999,NORMAL
16/01/26 17,4.044,2.634,4.92,125.52,1,104.6,1,53.61,46.35,67.77,-999,NORMAL
16/01/26 18,3.939,3.122,5.176,124.49,1,90.92,1,55.1,38.05,58.71,-999,NORMAL
16/01/26 19,4.636,3.004,5.124,124.47,1,92.26,1,55.51,44.15,60.97,-999,NORMAL
16/01/26 20,4.683,3.231,4.865,122.24,1,100.72,1,48.85,52.64,60.32,-999,NORMAL
16/01/26 21,4.628,3.439,4.551,112.91,1,92.69,1,52.65,54.94,57.72,-999,NORMAL
16/01/26 22,4.333,3.241,4.619,116.04,1,97.54,1,54.0,47.63,59.35,-999,NORMAL
16/01/26 23,4.046,3.264,5.802,120.18,1,96.8,1,57.08,42.92,70.51,-999,NORMAL
17/01/26 00,4.561,3.526,4.807,138.18,1,101.2,1,56.66,48.94,60.76,-999,NORMAL
17/01/26 01,4.86,3.228,4.313,108.83,1,93.51,1,55.93,47.77,68.09,-999,NORMAL
17/01/26 02,3.915,3.229,4.373,127.6,1,94.24,1,56.26,44.54,68.4,-999,NORMAL
17/01/26 03,4.813,3.317,5.048,125.8,1,89.34,1,57.57,54.6,67.35,-999,NORMAL
17/01/26 04,4.281,3.272,4.583,125.72,1,98.6,1,49.39,43.35,60.58,-999,NORMAL
17/01/26 05,4.41,2.958,5.256,122.51,1,93.45,1,52.73,52.19,70.28,-999,NORMAL
17/01/26 06,4.355,3.078,5.296,116.42,1,93.88,1,57.22,40.36,68.59,-999,NORMAL
17/01/26 07,4.522,3.118,5.064,119.62,1,81.15,1,59.48,48.17,64.22,-999,NORMAL
17/01/26 08,4.785,2.996,5.289,117.32,1,101.77,1,48.62,47.6,58.99,-999,NORMAL
17/01/26 09,4.63,3.294,4.817,112.88,1,94.11,1,52.31,51.37,60.15,-999,NORMAL
17/01/26 10,3.628,3.125,4.685,103.69,1,85.1,1,55.33,53.31,63.57,-999,NORMAL
17/01/26 11,4.318,3.291,4.916,113.05,1,85.77,1,49.74,46.44,62.79,-999,NORMAL
17/01/26 12,4.471,3.117,4.722,126.08,1,84.46,1,57.33,43.99,58.24,-999,NORMAL
17/01/26 13,4.06,3.1,5.49,125.16,1,102.83,1,56.57,43.59,60.35,-999,NORMAL
17/01/26 14,4.266,3.466,4.621,128.94,1,102.14,1,60.49,46.36,65.56,-999,NORMAL
17/01/26 15,5.184,3.076,4.486,101.2,1,100.7,1,49.35,46.51,64.19,-999,NORMAL
17/01/26 16,4.556,3.285,5.189,132.79,1,87.38,1,55.09,55.05,55.12,1,T0856_SPOOF_REPORTING
17/01/26 17,4.147,3.533,5.709,127.36,1,109.25,1,55.07,54.89,55.08,1,T0856_SPOOF_REPORTING
17/01/26 18,4.911,3.339,5.214,110.12,1,88.23,1,54.96,54.8,54.89,1,T0856_SPOOF_REPORTING
17/01/26 19,5.073,2.944,5.176,130.07,1,84.96,1,55.29,54.83,55.11,1,T0856_SPOOF_REPORTING
17/01/26 20,4.448,3.354,5.277,112.67,1,96.83,1,55.06,55.11,55.04,1,T0856_SPOOF_REPORTING
17/01/26 21,4.544,3.024,4.815,131.87,1,106.49,1,55.12,55.07,55.19,1,T0856_SPOOF_REPORTING
17/01/26 22,4.237,3.124,5.193,126.46,1,93.27,1,54.91,55.14,55.12,1,T0856_SPOOF_REPORTING
17/01/26 23,4.54,3.216,5.322,111.38,1,95.24,1,55.15,54.97,54.98,1,T0856_SPOOF_REPORTING
18/01/26 00,4.312,3.142,5.667,95.12,1,105.22,1,55.17,54.91,54.88,1,T0856_SPOOF_REPORTING
18/01/26 01,4.841,3.268,4.725,122.17,1,86.79,1,55.04,55.18,55.0,1,T0856_SPOOF_REPORTING
18/01/26 02,4.145,3.29,5.934,109.85,1,92.11,1,56.25,47.78,57.09,-999,NORMAL
18/01/26 03,4.837,3.664,5.178,110.96,1,82.61,1,55.77,52.42,64.38,-999,NORMAL
18/01/26 04,4.499,3.082,4.663,128.35,1,102.31,1,50.36,54.36,64.87,-999,NORMAL
18/01/26 05,4.92,2.932,4.554,118.51,1,99.02,1,60.39,50.82,60.79,-999,NORMAL
18/01/26 06,4.192,3.446,4.714,136.28,1,92.72,1,59.77,50.72,61.32,-999,NORMAL
18/01/26 07,4.344,3.132,5.271,120.77,1,90.25,1,54.5,48.31,51.36,-999,NORMAL
18/01/26 08,4.637,3.004,4.639,103.13,1,80.65,1,50.93,45.16,71.77,-999,NORMAL
18/01/26 09,4.342,3.236,5.26,121.31,1,94.38,1,51.41,53.8,71.04,-999,NORMAL
18/01/26 10,3.995,2.995,4.988,110.35,1,99.05,1,52.82,56.66,67.95,-999,NORMAL
18/01/26 11,4.564,3.405,5.542,114.36,1,88.47,1,55.23,51.45,62.7,-999,NORMAL
18/01/26 12,4.027,3.039,5.07,119.24,1,110.78,1,50.84,50.02,69.45,-999,NORMAL
18/01/26 13,5.181,3.119,5.297,125.7,1,96.56,1,54.7,49.74,49.34,-999,NORMAL
18/01/26 14,4.705,3.225,5.011,140.47,1,89.6,1,53.79,55.97,57.84,-999,NORMAL
18/01/26 15,4.335,3.171,5.436,122.08,1,84.66,1,53.4,45.57,61.61,-999,NORMAL
18/01/26 16,4.628,3.284,4.39,130.64,1,97.02,1,59.15,49.78,67.51,-999,NORMAL
18/01/26 17,4.64,3.469,5.309,119.02,1,113.18,1,57.67,50.29,55.62,-999,NORMAL
18/01/26 18,4.114,3.259,5.158,113.86,1,96.13,1,59.77,50.78,56.29,-999,NORMAL
18/01/26 19,4.467,3.039,4.945,115.86,1,91.18,1,51.23,47.49,59.2,-999,NORMAL
18/01/26 20,3.621,3.611,5.536,116.24,1,95.15,1,51.49,54.78,71.49,-999,NORMAL
18/01/26 21,4.547,3.405,5.17,106.63,1,91.71,1,55.4,46.18,60.91,-999,NORMAL
18/01/26 22,4.473,3.184,5.121,109.39,1,89.26,1,51.15,51.91,51.47,-999,NORMAL
18/01/26 23,4.846,3.477,4.979,93.97,1,92.11,1,54.81,43.96,59.42,-999,NORMAL
19/01/26 00,4.959,3.333,4.73,104.02,1,92.38,1,54.36,49.98,59.32,-999,NORMAL
19/01/26 01,4.653,3.587,5.426,119.52,1,93.53,1,53.93,52.72,58.86,-999,NORMAL
19/01/26 02,4.514,3.21,4.899,106.28,1,97.58,1,54.82,50.0,59.33,-999,NORMAL
19/01/26 03,4.866,3.025,5.785,102.52,1,98.48,1,56.43,44.82,64.12,-999,NORMAL
19/01/26 04,4.884,2.757,5.301,95.07,1,87.27,1,59.89,45.67,56.13,-999,NORMAL
19/01/26 05,4.441,3.614,4.367,109.49,1,106.98,1,60.57,47.59,55.8,-999,NORMAL
19/01/26 06,5.129,3.519,5.372,111.88,1,94.61,1,54.52,49.32,69.26,-999,NORMAL
19/01/26 07,4.764,2.985,5.651,123.13,1,100.5,1,59.4,43.55,61.82,-999,NORMAL
19/01/26 08,4.341,2.886,5.239,145.12,1,80.28,1,54.9,50.56,62.62,-999,NORMAL
19/01/26 09,4.466,2.94,5.193,112.43,1,77.48,1,58.58,51.83,62.26,-999,NORMAL
19/01/26 10,4.569,3.415,5.19,129.04,1,92.62,1,58.94,49.28,62.97,-999,NORMAL
19/01/26 11,4.119,3.257,4.767,113.62,1,88.48,1,51.8,56.5,68.66,-999,NORMAL
19/01/26 12,5.076,2.955,5.129,107.06,1,89.43,1,52.25,52.96,60.02,-999,NORMAL
19/01/26 13,4.821,3.321,6.021,105.21,1,105.07,1,58.44,44.11,67.04,-999,NORMAL
19/01/26 14,4.601,3.155,4.77,112.81,1,111.4,1,55.0,51.13,58.05,-999,NORMAL
19/01/26 15,4.266,3.416,4.56,115.85,1,95.27,1,55.33,47.28,63.98,-999,NORMAL
19/01/26 16,4.708,3.347,4.706,117.16,1,104.56,1,57.68,42.51,63.76,-999,NORMAL
19/01/26 17,3.907,3.209,5.859,110.52,1,88.33,1,57.29,41.83,58.84,-999,NORMAL
19/01/26 18,4.679,3.073,5.006,127.44,1,98.37,1,55.8,46.64,63.85,-999,NORMAL
19/01/26 19,4.463,3.292,4.901,118.17,1,87.08,1,54.89,44.76,56.43,-999,NORMAL
19/01/26 20,4.578,3.243,5.413,115.69,1,98.26,1,56.65,49.78,57.87,-999,NORMAL
19/01/26 21,4.545,3.273,5.103,99.14,1,96.28,1,61.64,46.56,58.36,-999,NORMAL
19/01/26 22,4.612,3.262,5.577,107.42,1,100.85,1,56.77,47.43,63.69,-999,NORMAL
19/01/26 23,4.809,3.374,4.643,128.2,1,94.48,1,55.22,48.29,61.25,-999,NORMAL
20/01/26 00,4.858,3.183,4.652,116.06,1,96.43,1,58.69,50.41,57.75,-999,NORMAL
20/01/26 01,5.246,3.253,5.61,118.48,1,99.27,1,57.52,52.87,67.29,-999,NORMAL
20/01/26 02,4.762,3.137,4.871,123.33,1,102.47,1,54.33,52.26,69.26,-999,NORMAL
20/01/26 03,4.225,3.033,5.044,123.08,1,90.8,1,59.06,49.7,62.2,-999,NORMAL
20/01/26 04,4.069,2.937,5.212,98.67,1,103.1,1,54.53,60.97,73.54,-999,NORMAL
20/01/26 05,4.446,3.179,5.498,137.03,1,81.9,1,49.64,45.51,64.91,-999,NORMAL
20/01/26 06,4.649,3.414,4.62,96.84,1,101.86,1,52.52,39.93,62.73,-999,NORMAL
20/01/26 07,4.738,3.176,4.917,118.41,1,92.04,1,50.96,45.14,64.61,-999,NORMAL
20/01/26 08,4.597,3.234,4.702,118.18,1,77.58,1,55.54,53.72,54.63,-999,NORMAL
20/01/26 09,4.324,3.266,5.601,115.52,1,89.46,1,49.09,48.41,72.21,-999,NORMAL
20/01/26 10,4.583,3.196,5.229,119.89,1,88.5,1,57.47,48.9,62.09,-999,NORMAL
20/01/26 11,4.207,3.461,5.366,114.47,1,103.01,1,53.51,44.87,58.2,-999,NORMAL
20/01/26 12,3.969,3.294,4.368,107.72,1,78.4,1,54.74,47.4,60.37,-999,NORMAL
20/01/26 13,4.187,2.966,5.286,114.49,1,97.53,1,52.34,48.72,68.52,-999,NORMAL
20/01/26 14,4.676,3.118,5.203,117.59,1,95.06,1,54.02,47.34,63.06,-999,NORMAL
20/01/26 15,4.202,2.997,4.545,104.0,1,85.26,1,55.48,44.43,64.57,-999,NORMAL
20/01/26 16,4.51,2.806,5.362,128.11,1,87.05,1,56.26,44.57,62.49,-999,NORMAL
20/01/26 17,4.121,2.841,4.947,118.76,1,91.82,1,51.45,46.4,63.35,-999,NORMAL
20/01/26 18,4.487,3.237,4.832,131.72,1,85.59,1,56.46,52.73,64.4,-999,NORMAL
20/01/26 19,4.439,3.094,5.514,105.77,1,87.24,1,53.81,52.95,63.9,-999,NORMAL
20/01/26 20,4.21,3.138,4.854,112.9,1,102.83,1,50.88,54.44,66.14,-999,NORMAL
20/01/26 21,4.827,3.107,5.04,105.67,1,90.8,1,56.48,53.18,56.46,-999,NORMAL
20/01/26 22,4.39,3.17,4.542,125.91,1,89.21,1,54.41,46.19,58.05,-999,NORMAL
20/01/26 23,4.498,3.157,4.951,112.72,1,97.56,1,59.96,48.56,66.98,-999,NORMAL
21/01/26 00,4.083,3.232,4.661,105.23,1,89.09,1,58.58,51.8,63.22,-999,NORMAL
21/01/26 01,4.04,3.161,5.221,121.76,1,80.25,1,52.33,47.74,64.68,-999,NORMAL
21/01/26 02,3.841,3.168,5.157,128.5,1,100.54,1,56.75,44.8,52.46,-999,NORMAL
21/01/26 03,4.382,3.4,5.657,127.11,1,98.43,1,56.14,45.78,61.35,-999,NORMAL
21/01/26 04,5.001,3.011,5.746,116.78,1,105.6,1,50.78,50.34,58.32,-999,NORMAL
21/01/26 05,4.075,3.244,5.504,111.55,1,83.01,1,54.72,47.65,64.74,-999,NORMAL
21/01/26 06,4.785,3.188,5.842,122.24,1,92.23,1,50.17,46.95,60.32,-999,NORMAL
21/01/26 07,4.788,3.292,4.628,121.72,1,100.37,1,59.58,51.55,65.8,-999,NORMAL
21/01/26 08,4.518,3.278,5.6,106.67,1,92.2,1,52.68,49.52,68.15,-999,NORMAL
21/01/26 09,4.321,2.722,4.935,129.13,1,99.3,1,56.28,46.88,55.6,-999,NORMAL
21/01/26 10,4.655,3.033,5.974,125.71,1,90.35,1,53.17,47.63,60.8,-999,NORMAL
21/01/26 11,4.835,3.237,4.807,138.9,1,95.39,1,57.31,45.57,63.82,-999,NORMAL
21/01/26 12,4.593,2.822,5.906,132.91,1,91.82,1,51.69,49.39,62.43,-999,NORMAL
21/01/26 13,4.607,3.238,5.302,134.47,1,99.54,1,51.85,53.45,70.2,-999,NORMAL
21/01/26 14,5.446,2.975,5.197,99.18,1,99.43,1,53.36,55.69,58.13,-999,NORMAL
21/01/26 15,3.993,3.106,4.31,127.51,1,78.48,1,55.09,39.69,60.4,-999,NORMAL
21/01/26 16,4.993,3.272,4.755,119.69,1,95.14,1,56.42,42.53,64.96,-999,NORMAL
21/01/26 17,3.689,3.074,4.905,126.33,1,95.18,1,50.78,44.06,62.99,-999,NORMAL
21/01/26 18,4.476,3.084,4.908,126.96,1,90.86,1,54.74,56.68,54.88,-999,NORMAL
21/01/26 19,3.944,3.357,4.829,116.82,1,88.75,1,54.22,54.39,66.01,-999,NORMAL
21/01/26 20,4.759,2.917,4.64,91.61,1,88.52,1,57.87,50.07,60.89,-999,NORMAL
21/01/26 21,4.493,3.062,5.182,127.66,1,82.07,1,55.9,51.73,59.92,-999,NORMAL
21/01/26 22,4.71,3.763,5.058,123.93,1,89.1,1,55.54,49.84,62.97,-999,NORMAL
21/01/26 23,4.194,3.241,5.685,124.49,1,102.7,1,54.29,51.0,63.4,-999,NORMAL
22/01/26 00,4.215,3.264,4.703,113.67,1,96.51,1,55.89,43.24,67.27,-999,NORMAL
22/01/26 01,4.672,3.059,4.485,118.55,1,91.43,1,55.34,46.55,51.96,-999,NORMAL
22/01/26 02,4.383,3.139,5.353,113.02,1,108.43,1,49.27,53.24,60.88,-999,NORMAL
22/01/26 03,4.758,3.216,5.556,116.13,1,86.21,1,59.26,47.55,63.11,-999,NORMAL
22/01/26 04,4.87,2.994,5.338,114.1,1,93.94,1,55.22,42.0,58.11,-999,NORMAL
22/01/26 05,4.905,3.377,5.075,122.43,1,92.65,1,59.07,47.2,63.16,-999,NORMAL
22/01/26 06,4.844,3.045,5.724,104.7,1,108.04,1,53.88,47.03,52.55,-999,NORMAL
22/01/26 07,4.364,2.992,4.857,118.63,1,102.66,1,55.62,49.23,56.52,-999,NORMAL
22/01/26 08,4.236,3.56,4.806,136.56,1,93.06,1,55.01,52.28,68.36,-999,NORMAL
22/01/26 09,4.467,3.122,5.078,123.38,1,102.13,1,55.01,50.48,70.19,-999,NORMAL
22/01/26 10,4.614,3.262,4.492,93.69,1,98.11,1,54.72,45.94,63.22,-999,NORMAL
22/01/26 11,4.482,3.426,5.134,112.53,1,102.92,1,54.35,50.11,59.61,-999,NORMAL
22/01/26 12,4.305,3.217,5.105,124.8,1,92.85,1,49.49,46.27,65.97,-999,NORMAL
22/01/26 13,4.411,3.151,5.495,112.88,1,82.66,1,54.52,46.06,57.17,-999,NORMAL
22/01/26 14,4.447,3.298,5.096,123.07,1,109.51,1,53.97,49.11,59.45,-999,NORMAL
22/01/26 15,4.246,3.083,4.908,123.59,1,113.79,1,52.85,46.33,61.68,-999,NORMAL
22/01/26 16,4.619,3.253,5.614,95.74,1,75.9,1,53.51,52.39,54.17,-999,NORMAL
22/01/26 17,3.598,3.314,5.197,109.1,1,87.12,1,52.09,48.44,58.87,-999,NORMAL
22/01/26 18,4.648,2.629,4.757,108.74,1,92.95,1,53.39,51.19,52.7,-999,NORMAL
22/01/26 19,4.514,3.312,5.843,115.18,1,97.6,1,49.59,38.43,66.22,-999,NORMAL
22/01/26 20,4.498,3.436,4.551,125.2,1,109.95,1,56.26,49.11,62.04,-999,NORMAL
22/01/26 21,4.029,3.471,4.856,125.04,1,82.5,1,51.46,53.74,60.26,-999,NORMAL
22/01/26 22,4.936,3.184,4.363,128.92,1,90.28,1,57.1,48.1,54.28,-999,NORMAL
22/01/26 23,4.549,3.639,5.297,119.42,1,103.6,1,55.63,48.84,56.54,-999,NORMAL
23/01/26 00,4.57,3.407,4.766,134.24,1,94.27,1,52.34,51.99,60.57,-999,NORMAL
23/01/26 01,4.728,3.142,5.076,124.94,1,97.33,1,49.01,43.52,66.65,-999,NORMAL
23/01/26 02,4.46,3.095,4.557,109.2,1,78.83,1,54.7,45.61,57.17,-999,NORMAL
23/01/26 03,4.48,3.273,5.937,104.88,1,104.28,1,57.92,44.88,63.02,-999,NORMAL
23/01/26 04,4.363,3.237,5.704,126.06,1,99.07,1,53.71,42.06,60.96,-999,NORMAL
23/01/26 05,4.862,2.895,4.678,121.26,1,87.12,1,52.62,46.31,55.17,-999,NORMAL
23/01/26 06,4.208,3.341,4.577,104.02,1,89.96,1,57.2,47.21,59.68,-999,NORMAL
23/01/26 07,4.513,2.851,5.298,123.83,1,91.73,1,58.02,43.49,67.64,-999,NORMAL
23/01/26 08,4.546,3.133,5.092,118.93,1,104.76,1,51.77,44.95,67.18,-999,NORMAL
23/01/26 09,4.321,3.38,5.78,115.98,1,100.45,1,51.54,51.02,63.0,-999,NORMAL
23/01/26 10,4.642,3.071,4.436,125.03,1,78.49,1,54.05,51.76,62.96,-999,NORMAL
23/01/26 11,5.085,3.405,4.838,120.27,1,94.62,1,50.25,44.24,59.2,-999,NORMAL
23/01/26 12,3.889,3.209,5.0,103.27,1,98.23,1,57.15,48.91,60.38,-999,NORMAL
23/01/26 13,4.677,3.336,5.223,111.75,1,97.21,1,58.59,45.61,72.49,-999,NORMAL
23/01/26 14,4.342,3.206,4.831,122.23,1,81.06,1,53.36,43.63,62.68,-999,NORMAL
23/01/26 15,4.798,3.329,4.151,140.42,1,97.36,1,52.67,48.63,62.88,-999,NORMAL
23/01/26 16,4.3,3.24,4.857,115.96,1,89.51,1,50.7,48.58,64.93,-999,NORMAL
23/01/26 17,4.654,3.364,5.23,114.67,1,101.72,1,50.93,44.4,57.18,-999,NORMAL
23/01/26 18,4.824,3.389,5.295,130.72,1,87.97,1,56.05,47.5,66.23,-999,NORMAL
23/01/26 19,4.465,3.123,5.316,128.76,1,89.65,1,54.82,43.77,49.51,-999,NORMAL
23/01/26 20,4.56,3.322,5.205,100.5,1,92.19,1,48.34,53.48,56.57,-999,NORMAL
23/01/26 21,4.877,3.389,4.74,108.67,1,97.8,1,52.47,48.41,59.59,-999,NORMAL
23/01/26 22,3.966,2.754,5.191,114.38,1,90.58,1,57.09,52.69,60.64,-999,NORMAL
23/01/26 23,4.398,3.3,4.557,122.23,1,99.42,1,57.04,40.25,58.19,-999,NORMAL
24/01/26 00,4.237,3.22,5.292,134.97,1,91.04,1,53.51,52.6,63.48,-999,NORMAL
24/01/26 01,4.88,3.258,4.637,106.67,1,82.59,1,56.99,52.75,71.25,-999,NORMAL
24/01/26 02,4.753,3.433,4.868,108.44,1,101.8,1,56.25,48.43,63.94,-999,NORMAL
24/01/26 03,4.597,3.457,5.618,125.44,1,101.77,1,56.54,46.16,65.78,-999,NORMAL
24/01/26 04,4.082,3.411,4.622,122.86,1,88.24,1,56.66,47.86,54.03,-999,NORMAL
24/01/26 05,4.626,3.084,5.452,120.01,1,98.16,1,52.13,45.64,59.71,-999,NORMAL
24/01/26 06,4.757,3.535,4.778,130.77,1,77.64,1,51.42,44.16,55.24,-999,NORMAL
24/01/26 07,4.025,3.283,5.014,123.79,1,100.52,1,55.8,50.63,61.65,-999,NORMAL
24/01/26 08,4.144,3.412,4.864,110.64,1,93.58,1,52.26,46.33,63.72,-999,NORMAL
24/01/26 09,4.605,3.02,4.905,130.74,1,98.97,1,61.23,52.72,67.72,-999,NORMAL
24/01/26 10,4.084,3.353,5.079,114.49,1,96.34,1,57.84,50.0,57.61,-999,NORMAL
24/01/26 11,4.723,3.072,5.187,116.97,1,93.25,1,57.3,43.84,71.73,-999,NORMAL
24/01/26 12,3.954,3.08,5.248,125.84,1,94.2,1,54.83,49.64,60.84,-999,NORMAL
24/01/26 13,4.918,3.368,5.449,110.34,1,94.36,1,54.1,43.98,63.8,-999,NORMAL
24/01/26 14,4.339,3.331,4.672,137.19,1,87.83,1,55.66,51.17,59.15,-999,NORMAL
24/01/26 15,4.756,2.954,5.681,120.14,1,90.23,1,54.1,51.24,59.08,-999,NORMAL
24/01/26 16,4.275,3.156,4.629,138.21,1,90.47,1,57.49,48.84,57.08,-999,NORMAL
24/01/26 17,4.498,3.357,5.025,131.93,1,103.17,1,57.76,46.16,56.6,-999,NORMAL
24/01/26 18,4.316,3.239,5.318,98.28,1,94.94,1,55.47,46.89,68.46,-999,NORMAL
24/01/26 19,4.627,3.462,5.014,129.37,1,108.08,1,58.94,43.63,60.73,-999,NORMAL
24/01/26 20,4.396,3.298,5.375,111.61,1,95.54,1,48.94,53.77,59.44,-999,NORMAL
24/01/26 21,4.517,3.138,5.558,91.62,1,94.87,1,54.68,46.19,70.63,-999,NORMAL
24/01/26 22,4.234,3.354,5.243,132.62,1,89.66,1,52.8,52.38,64.13,-999,NORMAL
24/01/26 23,4.037,3.092,5.255,128.38,1,89.57,1,46.26,50.09,55.9,-999,NORMAL
25/01/26 00,3.895,2.634,5.426,121.29,1,93.19,1,59.17,50.55,70.08,-999,NORMAL
25/01/26 01,4.082,3.193,4.453,117.71,1,93.01,1,56.88,48.18,65.12,-999,NORMAL
25/01/26 02,4.711,3.631,4.974,110.59,1,96.97,1,52.59,53.93,60.58,-999,NORMAL
25/01/26 03,4.33,3.106,5.387,118.42,1,89.87,1,60.0,44.58,62.18,-999,NORMAL
25/01/26 04,4.696,2.874,5.292,109.45,1,101.58,1,52.11,50.77,67.53,-999,NORMAL
25/01/26 05,4.758,3.25,5.007,114.24,1,106.77,1,52.9,43.85,65.33,-999,NORMAL
25/01/26 06,4.261,3.01,4.523,115.17,1,94.34,1,55.73,51.81,64.63,-999,NORMAL
25/01/26 07,4.443,3.16,5.304,132.73,1,96.01,1,53.59,44.03,54.77,-999,NORMAL
25/01/26 08,4.7,3.316,5.331,118.71,1,106.26,1,53.55,51.82,61.81,-999,NORMAL
25/01/26 09,4.317,3.319,5.264,123.57,1,95.65,1,54.89,57.55,67.92,-999,NORMAL
25/01/26 10,4.717,3.222,5.503,125.18,1,95.21,1,54.09,47.68,46.15,-999,NORMAL
25/01/26 11,4.563,3.102,5.737,120.19,1,85.49,1,54.85,43.82,64.37,-999,NORMAL
25/01/26 12,4.587,3.392,4.784,120.34,1,84.08,1,57.1,50.08,64.48,-999,NORMAL
25/01/26 13,4.5,3.283,5.742,117.15,1,96.11,1,51.74,44.53,62.49,-999,NORMAL
25/01/26 14,4.831,3.149,5.006,115.93,1,90.72,1,55.88,42.01,68.4,-999,NORMAL
25/01/26 15,4.3,3.344,4.592,126.69,1,100.38,1,56.15,44.02,63.25,-999,NORMAL
25/01/26 16,4.145,3.149,5.512,127.97,1,95.12,1,52.08,50.58,62.1,-999,NORMAL
25/01/26 17,3.804,3.357,5.09,132.02,1,86.24,1,45.47,49.12,63.46,-999,NORMAL
25/01/26 18,3.993,3.004,6.202,116.94,1,100.85,1,53.05,39.64,61.15,-999,NORMAL
25/01/26 19,4.42,3.12,5.054,122.64,1,93.8,1,51.21,49.94,52.25,-999,NORMAL
25/01/26 20,3.885,3.348,5.303,119.43,1,83.84,1,52.88,46.95,54.02,-999,NORMAL
25/01/26 21,4.278,3.33,5.671,115.81,1,101.05,1,49.26,50.64,57.98,-999,NORMAL
25/01/26 22,4.592,3.15,5.628,111.26,1,100.02,1,54.16,47.37,61.08,-999,NORMAL
25/01/26 23,4.246,3.197,5.075,122.41,1,95.68,1,57.39,51.69,56.75,-999,NORMAL
26/01/26 00,4.761,2.963,5.335,0.0,0,0.0,0,55.28,46.13,58.21,1,T0814_DENIAL_OF_CONTROL
26/01/26 01,4.905,3.069,4.777,0.0,0,0.0,0,54.58,52.67,64.65,1,T0814_DENIAL_OF_CONTROL
26/01/26 02,3.847,3.094,4.875,0.0,0,0.0,0,62.65,50.12,62.74,1,T0814_DENIAL_OF_CONTROL
26/01/26 03,4.854,3.669,5.448,0.0,0,0.0,0,54.58,46.1,57.87,1,T0814_DENIAL_OF_CONTROL
26/01/26 04,4.294,2.93,5.07,0.0,0,0.0,0,54.89,48.59,59.39,1,T0814_DENIAL_OF_CONTROL
26/01/26 05,5.423,3.472,4.602,0.0,0,0.0,0,51.96,42.64,64.16,1,T0814_DENIAL_OF_CONTROL
26/01/26 06,4.296,3.394,5.498,0.0,0,0.0,0,56.43,50.53,59.63,1,T0814_DENIAL_OF_CONTROL
26/01/26 07,4.268,3.522,5.191,0.0,0,0.0,0,51.34,45.72,61.38,1,T0814_DENIAL_OF_CONTROL
26/01/26 08,4.181,3.198,4.425,108.8,1,100.37,1,56.81,46.43,56.91,-999,NORMAL
26/01/26 09,4.192,3.125,5.358,129.28,1,91.03,1,51.54,49.07,57.88,-999,NORMAL
26/01/26 10,4.345,3.465,5.431,121.58,1,84.82,1,55.63,52.25,60.12,-999,NORMAL
26/01/26 11,4.905,3.459,5.765,123.05,1,99.7,1,59.24,49.79,59.49,-999,NORMAL
26/01/26 12,4.365,3.248,4.584,118.57,1,103.77,1,48.43,54.14,67.61,-999,NORMAL
26/01/26 13,4.362,3.309,5.101,132.3,1,102.86,1,50.8,50.35,60.97,-999,NORMAL
26/01/26 14,4.525,3.054,5.799,130.4,1,89.08,1,51.0,46.46,64.17,-999,NORMAL
26/01/26 15,4.572,3.451,5.416,129.7,1,97.61,1,50.83,47.22,67.3,-999,NORMAL
26/01/26 16,4.485,3.301,4.973,109.7,1,94.01,1,55.93,45.38,60.82,-999,NORMAL
26/01/26 17,4.218,3.424,4.982,134.53,1,107.23,1,54.76,43.97,51.57,-999,NORMAL
26/01/26 18,4.058,2.925,5.651,121.16,1,98.12,1,48.34,43.21,66.44,-999,NORMAL
26/01/26 19,4.586,3.171,5.326,136.36,1,93.23,1,55.21,48.77,73.96,-999,NORMAL
26/01/26 20,3.87,3.337,5.054,125.67,1,89.74,1,54.85,50.85,77.56,-999,NORMAL
26/01/26 21,4.742,3.03,4.93,115.47,1,80.63,1,54.01,50.93,55.63,-999,NORMAL
26/01/26 22,4.815,3.298,4.806,118.58,1,107.79,1,57.2,48.04,60.81,-999,NORMAL
26/01/26 23,4.523,3.098,4.258,140.42,1,96.24,1,56.19,47.77,58.32,-999,NORMAL
27/01/26 00,4.444,2.88,6.011,107.65,1,86.74,1,53.68,53.15,62.07,-999,NORMAL
27/01/26 01,4.129,3.451,5.392,125.38,1,100.73,1,62.18,56.74,58.57,-999,NORMAL
27/01/26 02,4.987,3.277,5.3,103.08,1,93.64,1,52.56,51.31,67.36,-999,NORMAL
27/01/26 03,3.878,3.196,5.549,118.13,1,100.83,1,56.05,49.37,60.64,-999,NORMAL
27/01/26 04,4.135,2.976,5.384,120.19,1,93.89,1,53.73,46.78,67.23,-999,NORMAL
27/01/26 05,4.399,2.932,5.397,117.95,1,95.25,1,59.82,47.92,63.45,-999,NORMAL
27/01/26 06,4.146,3.156,5.344,104.45,1,96.61,1,55.3,48.17,67.19,-999,NORMAL
27/01/26 07,4.6,3.496,4.703,121.36,1,95.68,1,51.79,51.83,73.62,-999,NORMAL
27/01/26 08,4.495,3.301,5.134,112.86,1,80.43,1,52.88,42.43,70.52,-999,NORMAL
27/01/26 09,4.465,3.131,5.456,108.78,1,88.87,1,55.2,52.12,64.51,-999,NORMAL
27/01/26 10,4.574,3.216,5.26,122.02,1,86.76,1,55.14,43.71,62.41,-999,NORMAL
27/01/26 11,4.356,3.708,5.084,105.96,1,93.93,1,56.56,54.69,59.05,-999,NORMAL
27/01/26 12,4.025,3.363,4.548,115.64,1,92.94,1,54.79,50.76,58.58,-999,NORMAL
27/01/26 13,4.418,3.197,5.16,120.98,1,98.49,1,57.53,49.57,64.27,-999,NORMAL
27/01/26 14,4.025,3.21,5.292,127.29,1,89.46,1,53.02,45.7,64.68,-999,NORMAL
27/01/26 15,4.81,3.119,5.463,121.23,1,94.01,1,54.37,50.99,63.63,-999,NORMAL
27/01/26 16,5.183,3.03,5.307,114.71,1,88.05,1,54.97,48.55,76.59,-999,NORMAL
27/01/26 17,4.445,2.974,5.209,99.25,1,94.26,1,55.05,51.18,66.87,-999,NORMAL
27/01/26 18,4.349,3.17,4.794,108.72,1,97.48,1,51.18,46.34,57.02,-999,NORMAL
27/01/26 19,4.665,3.56,4.579,101.47,1,94.0,1,55.05,48.87,59.77,-999,NORMAL
27/01/26 20,4.44,3.274,5.516,100.45,1,92.05,1,55.64,44.33,70.66,-999,NORMAL
27/01/26 21,4.309,3.192,5.322,114.09,1,80.23,1,53.71,52.12,60.32,-999,NORMAL
27/01/26 22,4.246,3.385,4.968,114.9,1,96.2,1,57.31,57.53,66.14,-999,NORMAL
27/01/26 23,4.848,3.099,4.69,120.62,1,95.86,1,51.76,47.3,64.0,-999,NORMAL
28/01/26 00,4.608,3.301,5.216,114.93,1,90.89,1,51.4,55.14,62.07,-999,NORMAL
28/01/26 01,4.433,3.014,6.274,109.27,1,91.57,1,56.25,50.4,66.79,-999,NORMAL
28/01/26 02,5.042,3.301,4.678,117.43,1,97.46,1,61.2,42.41,68.01,-999,NORMAL
28/01/26 03,4.554,3.368,5.059,111.58,1,101.01,1,56.96,51.89,61.93,-999,NORMAL
28/01/26 04,4.32,2.888,5.428,124.24,1,87.27,1,53.38,46.13,54.59,-999,NORMAL
28/01/26 05,4.255,2.973,4.935,112.61,1,81.98,1,61.07,53.01,58.1,-999,NORMAL
28/01/26 06,4.582,3.283,5.576,111.81,1,103.74,1,53.36,42.66,65.62,-999,NORMAL
28/01/26 07,4.887,3.718,4.62,126.99,1,91.72,1,57.35,42.12,55.69,-999,NORMAL
28/01/26 08,4.267,3.216,4.844,126.59,1,103.22,1,56.8,54.48,64.08,-999,NORMAL
28/01/26 09,4.135,3.473,4.858,129.1,1,107.59,1,56.37,42.02,57.41,-999,NORMAL
28/01/26 10,4.897,3.166,5.132,127.59,1,100.57,1,55.84,47.17,60.44,-999,NORMAL
28/01/26 11,4.757,3.311,4.997,130.82,1,93.97,1,52.45,44.96,57.11,-999,NORMAL
28/01/26 12,4.418,3.447,4.778,121.88,1,89.75,1,54.22,41.96,60.9,-999,NORMAL
28/01/26 13,4.442,3.308,5.189,108.02,1,103.67,1,55.63,48.79,61.95,-999,NORMAL
28/01/26 14,4.345,3.244,5.29,102.53,1,90.69,1,54.24,49.02,67.97,-999,NORMAL
28/01/26 15,4.268,3.1,4.895,111.98,1,92.22,1,57.31,43.78,64.14,-999,NORMAL
28/01/26 16,3.989,3.088,4.968,136.75,1,92.8,1,48.4,40.0,62.17,-999,NORMAL
28/01/26 17,4.684,3.275,5.167,131.62,1,90.68,1,57.68,41.47,57.48,-999,NORMAL
28/01/26 18,3.958,3.145,5.081,121.14,1,95.5,1,52.22,47.24,54.51,-999,NORMAL
28/01/26 19,4.909,3.139,4.904,135.89,1,85.06,1,51.62,43.62,61.66,-999,NORMAL
28/01/26 20,4.629,3.348,6.129,97.51,1,99.87,1,53.33,45.65,58.9,-999,NORMAL
28/01/26 21,4.227,3.537,5.437,120.23,1,105.81,1,50.46,42.68,51.11,-999,NORMAL
28/01/26 22,4.29,3.232,5.141,121.49,1,83.71,1,57.41,48.96,65.67,-999,NORMAL
28/01/26 23,3.932,3.262,4.625,116.03,1,99.27,1,55.27,44.59,62.03,-999,NORMAL
29/01/26 00,4.041,3.43,5.018,131.19,1,90.79,1,53.43,44.94,66.38,-999,NORMAL
29/01/26 01,4.287,3.329,4.947,100.24,1,90.44,1,51.46,48.14,56.05,-999,NORMAL
29/01/26 02,4.778,3.182,5.029,126.56,1,102.71,1,54.94,44.92,53.13,-999,NORMAL
29/01/26 03,4.294,3.077,5.143,116.55,1,100.5,1,53.16,47.77,67.92,-999,NORMAL
29/01/26 04,4.603,3.188,4.859,113.67,1,88.2,1,53.38,51.02,60.89,-999,NORMAL
29/01/26 05,4.095,3.554,5.228,105.93,1,91.47,1,55.33,54.82,56.46,-999,NORMAL
29/01/26 06,4.793,3.48,4.849,117.22,1,86.71,1,54.39,47.85,65.3,-999,NORMAL
29/01/26 07,4.827,3.05,4.313,119.79,1,97.35,1,55.75,46.69,62.62,-999,NORMAL
29/01/26 08,4.955,3.276,4.951,115.0,1,93.64,1,59.91,47.27,61.9,-999,NORMAL
29/01/26 09,4.355,3.42,5.884,124.51,1,95.66,1,55.11,38.46,65.73,-999,NORMAL
29/01/26 10,4.54,3.286,4.815,116.16,1,91.71,1,58.06,46.48,72.41,-999,NORMAL
29/01/26 11,4.629,2.945,5.049,113.48,1,77.44,1,59.8,50.81,64.67,-999,NORMAL
29/01/26 12,4.55,2.924,4.907,128.42,1,86.59,1,47.4,47.09,61.29,-999,NORMAL
29/01/26 13,4.541,3.346,5.355,122.59,1,104.56,1,50.44,50.02,65.13,-999,NORMAL
29/01/26 14,4.128,2.899,4.802,113.38,1,101.03,1,53.16,44.57,58.94,-999,NORMAL
29/01/26 15,4.836,3.203,5.028,118.9,1,105.34,1,52.75,53.26,63.05,-999,NORMAL
29/01/26 16,4.452,3.7,4.678,116.46,1,85.14,1,57.86,54.76,70.35,-999,NORMAL
29/01/26 17,4.867,3.16,4.954,103.29,1,111.29,1,56.41,46.03,68.64,-999,NORMAL
29/01/26 18,4.208,3.281,5.031,126.39,1,94.49,1,50.65,48.3,67.24,-999,NORMAL
29/01/26 19,4.491,3.355,4.682,119.74,1,90.0,1,57.24,48.13,65.45,-999,NORMAL
29/01/26 20,4.826,3.338,5.209,110.02,1,94.98,1,53.4,46.62,60.13,-999,NORMAL
29/01/26 21,4.206,2.809,4.833,121.93,1,84.21,1,55.05,55.6,67.12,-999,NORMAL
29/01/26 22,4.993,3.278,5.567,112.76,1,89.85,1,46.78,52.74,69.7,-999,NORMAL
29/01/26 23,4.334,3.149,4.798,123.83,1,104.0,1,49.77,49.64,60.62,-999,NORMAL
30/01/26 00,4.534,3.292,5.025,118.96,1,93.29,1,57.91,49.68,63.1,-999,NORMAL
30/01/26 01,4.119,3.124,5.459,120.38,1,100.28,1,60.3,52.15,62.47,-999,NORMAL
30/01/26 02,4.347,2.689,5.033,116.74,1,98.12,1,54.54,46.72,53.1,-999,NORMAL
30/01/26 03,4.218,3.295,5.786,119.02,1,97.62,1,57.86,44.76,63.83,-999,NORMAL
30/01/26 04,4.278,3.373,5.161,122.98,1,88.74,1,57.12,56.34,56.96,-999,NORMAL
30/01/26 05,4.398,3.246,5.415,114.4,1,72.34,1,59.08,51.04,53.29,-999,NORMAL
30/01/26 06,4.318,3.514,5.679,129.39,1,93.59,1,55.25,47.48,67.64,-999,NORMAL
30/01/26 07,4.237,3.039,5.504,119.56,1,106.03,1,52.99,47.78,57.39,-999,NORMAL
30/01/26 08,4.502,2.904,4.905,105.64,1,100.55,1,57.15,41.08,68.67,-999,NORMAL
30/01/26 09,5.249,3.209,4.844,148.24,1,84.45,1,55.06,48.72,68.73,-999,NORMAL
30/01/26 10,4.608,3.1,4.72,116.58,1,86.94,1,55.14,45.74,54.53,-999,NORMAL
30/01/26 11,4.877,3.1,4.593,118.32,1,95.55,1,49.76,49.33,56.76,-999,NORMAL
30/01/26 12,5.013,3.305,4.94,112.55,1,94.16,1,56.84,47.9,60.91,-999,NORMAL
30/01/26 13,4.518,3.079,4.963,99.14,1,102.79,1,55.9,44.91,71.49,-999,NORMAL
30/01/26 14,4.526,2.993,5.443,123.98,1,98.16,1,53.72,49.8,60.69,-999,NORMAL
30/01/26 15,4.667,2.819,4.926,137.22,1,88.86,1,53.19,46.21,55.93,-999,NORMAL
30/01/26 16,3.838,3.154,5.154,119.47,1,93.84,1,55.13,52.09,61.05,-999,NORMAL
30/01/26 17,4.328,3.144,5.332,134.12,1,89.97,1,55.3,49.35,57.04,-999,NORMAL
30/01/26 18,4.506,2.907,4.392,123.67,1,91.93,1,55.61,47.93,57.12,-999,NORMAL
30/01/26 19,4.486,2.953,5.656,106.44,1,93.43,1,51.87,50.28,60.34,-999,NORMAL
30/01/26 20,4.344,3.371,5.112,125.17,1,87.15,1,50.79,48.43,60.41,-999,NORMAL
30/01/26 21,4.688,3.184,5.182,103.77,1,110.11,1,54.51,50.79,57.82,-999,NORMAL
30/01/26 22,4.592,2.939,5.281,116.44,1,95.23,1,57.09,43.07,58.58,-999,NORMAL
30/01/26 23,4.637,3.62,5.045,125.91,1,94.14,1,60.83,41.01,62.47,-999,NORMAL
